Tipo,Kurtosis,Impulse factor,RMS,Margin factor,Skewness,Shape factor,Peak to peak,Crest factor
Sano,1.6551692268715357,7.443339870142839,19.81828173094265,0.0005310903037989,-0.0876028044409551,707.1857148121201,0.4000733189802404,0.0105252972652598
Sano,2.3201891086085817,10.519154189812037,22.03674242778089,0.000471899081138,-0.5685443975900804,1011.5428713338928,0.4220235231132756,0.0103991185029466
Sano,2.226050993840386,12.807207582563658,21.96118606496585,0.0005777505151041,-0.4866410153659101,1009.3884149240956,0.514857439453391,0.012688086561333
Sano,2.227767893393908,9.065465512667757,22.82247344103154,0.0003929120214852,-0.3726234377754917,1010.9556018386764,0.3899660467104189,0.0089672241750082
Inner,6.703207688818544,13.906120126387377,63.784256377229376,0.0003844401114896,0.166938292883517,567.1054035977214,2.81669562124232,0.0245212266329448
Inner,7.306819993177141,13.609196340144049,64.39756498657488,0.0003667661059053,0.0861167831832324,576.2007767834232,2.8653726926696166,0.0236188441399122
Inner,7.216980133376001,13.1424687768863,65.93479512885123,0.0003477568587416,0.0140859612941226,573.1741407171221,2.866957751115062,0.0229292772357859
Inner,6.526204112194739,12.462117263010962,69.20314280468283,0.0003143565322991,0.0259998350891682,572.8534408640423,2.905181761883352,0.0217544599962848
Inner,37.749529198856976,32.80120800340058,42.53559243820896,0.0010842691003337,-0.1440576948356837,711.2139571053439,3.7551384268957486,0.0461200285451402
Inner,35.973904193717566,35.20189113725327,36.35020343076767,0.0014200967577003,-0.0460169643799617,681.9322254328569,3.6783215713065016,0.0516208060337797
Inner,37.704345080376605,32.25520600329497,35.62756679715761,0.0013348916217973,0.0016872607059013,678.2154042271496,3.2409438820105043,0.0475589404225504
Inner,30.96173850677973,31.830112347100304,39.71386147380891,0.0012524973782986,0.0004339600847799,639.9104897480504,3.809211389017106,0.0497415073780594
Inner,10.83697770425225,16.817765175884965,116.50332960070132,0.0002417406406092,0.3410919932526865,597.145657072693,6.101361658800164,0.0281635895307828
Inner,10.76832304440744,19.73822271906916,96.34739964884218,0.0003416077616893,0.2899482626936558,599.7086562022097,5.885966681615025,0.0329130195386304
Inner,11.72005237082974,18.22035881007305,108.01748773284956,0.0002751931056986,0.2553613642651695,612.9503585836948,6.063850343654689,0.0297256679189709
Inner,11.712278554238376,20.799654534241878,98.97504178435518,0.0003479515685369,0.3257341571541563,603.9648018908584,6.443437280232463,0.034438521034874
Outer,10.61002005314714,15.573623610302407,147.66544241501373,0.0001565576685803,0.0435809095893271,673.6533255928036,6.561245299412933,0.0231181573943806
Outer,10.646669820189192,15.456355631069698,130.62147298636555,0.0001792470915405,0.0165210538461452,660.1466250413356,6.006538606644678,0.0234135191255456
Outer,11.269854120051017,15.873779780252564,125.2497536152365,0.0001910027350811,-0.0003485094508139,663.5350743468792,5.842176013047506,0.0239230455087505
Outer,11.486758544160702,16.19225428142087,128.43934704643783,0.000188798302995,-0.0306672486583472,667.7457613459339,6.073414032888261,0.024249130760161
Outer,2.437303252929484,9.070967862915207,21.574561108951443,0.000822673050296,-0.0038797830951299,511.0747066877302,0.749111319103196,0.0177488099962998
Outer,2.421028058603472,9.905376297775936,20.364491668162685,0.0009534674858833,-0.0123615968740924,510.1425128492039,0.7627345856102073,0.0194168806721347
Outer,2.63361344989646,10.892812370888466,21.249821800296164,0.0009971068778758,-0.007729369124448,514.0945721380085,0.8544914229504542,0.0211883434707112
Outer,4.37733469497601,15.700473095947435,20.71728831992423,0.0014560416621966,-0.0105916081136666,520.4823743882309,1.195124040720541,0.0301652349215506
Outer,37.83606093673506,39.88612993675349,129.22282755818676,0.0003792776731143,0.1127054754742453,813.8144223153706,12.488942590619727,0.0490113333495295
Outer,37.351311210281786,37.90185847191825,123.84725302366137,0.0003730623887209,0.0541132528321385,820.3376809953662,11.29626761601715,0.0462027520495335
Outer,41.33736446774437,39.774601691655626,125.5083057567944,0.0003791347505822,0.1655131167977112,835.8720039699015,11.618695619447903,0.0475845601991089
Outer,41.69685456879999,42.41207667324901,120.66894432121474,0.0004214730106484,0.0882436284723676,833.9197415383906,12.141694238607696,0.0508587032548341
Sano,1.4142019034182998,7.310632359782476,19.823747082926904,-0.002121196988674406,-0.07946486481931007,706.9868312382733,0.3965998354548954,-0.2042843096874674
Sano,1.7889269953120943,7.510204358241618,19.581149051010975,0.35550751640115463,0.06423893126400575,707.3112039216568,0.18130207763410683,0.033114251331914424
Sano,1.6832253547026568,7.488421878878216,19.915214710507417,-0.24576476531106783,-0.1267264081436602,707.1106265892786,0.21889423106597533,-0.509091493460843
Sano,1.7572427832649895,7.140390866787076,19.457644242816098,0.09854951696346635,0.036947121145709375,707.2747225008413,0.5326613139200365,0.33863544794216727
Sano,1.7587531585564737,7.535418643787673,19.807213906359245,0.2136166730639335,0.16475846006923234,707.0869069919372,0.5685469575954955,0.0053634836038941565
Sano,1.6108377389197284,7.368969585577457,19.68120884271714,-0.03662004418011111,-0.040644179044842105,706.8930650537725,0.49184636755527755,0.0845430149359495
Sano,1.808330454555275,7.186670075664623,19.293327089764734,-0.17984210839607195,-0.27591664374177166,707.0319897625235,0.11328970727517851,0.07960025628995658
Sano,1.5430856858262676,7.834786659329224,19.801883887417773,-0.003741324174965869,-0.33351679597287376,707.2094202610926,0.24312633364557368,-0.16164685894633019
Sano,1.5274682831068356,7.511138843226723,20.091196211862286,0.1562355118493988,-0.30126683965415424,707.1997683332884,0.23405980733381498,-0.08285311629838861
Sano,1.637874070429743,7.38556327062343,19.88937373221027,0.04888337183288578,-0.4008901850945549,706.9539285739382,0.6130534062375093,-0.041987312635956675
Sano,2.1358315193950594,10.583763695381428,22.092111360882495,-0.33247111787304884,-0.5385334578730581,1011.7840554480991,0.2879193162903957,0.1829669559300373
Sano,2.5699465132779196,10.330462433644284,22.470729865923243,-0.05778100270504708,-0.5673608313102267,1011.5496049715188,0.32639886035268073,0.2046886021052215
Sano,2.2108138013171588,10.41630999130395,22.356077060894897,-0.13623122442733648,-0.816573023956845,1011.6220449454232,0.0539731309141091,-0.11178591632263499
Sano,1.7254801490415783,10.697223992919625,22.285242308500646,-0.18757870445366492,-0.3258870922453375,1011.4667138565195,0.18964809717669698,0.1592676372510236
Sano,2.601808560929604,10.679255368756897,22.048644342941408,0.10352337043362177,-0.39742611821657103,1011.7145332673631,0.5339267499938769,0.42939659174522515
Sano,2.023291192097284,10.572283999039689,21.913747197604092,0.13244202987868725,-0.44540679375007763,1011.6562192757297,0.07454258025614402,-0.13870933976089556
Sano,2.3142670634616644,10.821195390007363,22.047941412799325,-0.12166178825857818,-0.5968050529212626,1011.5447555880643,0.602671727893985,0.2626783356242625
Sano,2.2097716870056714,10.827087951001495,21.95582674341749,-0.07880288407368172,-0.7129658377426983,1011.5731859811881,0.41508382657889586,-0.012516816184224237
Sano,2.4367132715565267,10.729735391199254,22.13616050742588,-0.034098350265379725,-0.30070725446684266,1011.4856619038917,0.43684466614003625,-0.2628778658717565
Sano,2.4242799018843035,10.538752760508778,21.733447625573163,0.2319650225508507,-0.5508859650947939,1011.4765708998999,0.22922106918289709,0.07607326560233584
Sano,2.0432280196514196,12.575358397310028,21.612321559453186,0.015163444116361228,-0.6314866760455412,1009.5406498830845,0.6667307612783282,-0.013341230276473283
Sano,1.80889804521318,12.941954045004781,21.849584335633995,-0.07078413775057643,-0.5627166840077784,1009.1166023228747,0.524319653242796,-0.025889038171695578
Sano,2.089390710993666,12.779973659238848,22.08859736616677,0.13154784239190792,-0.6302753941774217,1009.1508206064507,0.435906303374367,0.05651461223443372
Sano,2.1866590213527677,12.922619068310519,22.370759414665315,-0.13457387460770312,-0.6167955981233069,1009.2305800115374,0.39145194392097415,0.21341581478477573
Sano,2.300078970717809,12.75008859252529,21.481196828540114,0.09239175616192204,-0.5305027135146585,1009.1965971688483,0.7132666908566798,-0.3648861981487055
Sano,2.548675983102944,12.81442935134311,22.069059832447532,0.10930209824919372,-0.5190026232388872,1009.473804765218,0.8260019133263645,0.09087971663523711
Sano,1.964152571057408,12.943841799174828,22.14671655794621,-0.049961589958256454,-0.5497309028433781,1009.5764297554389,0.35536084203581864,0.03908273676287056
Sano,2.387095739418815,12.478421202174433,21.704887110888695,-0.26787076602991916,-0.3425866823093213,1009.4009676105093,0.5602678804300634,-0.04908013447350056
Sano,2.3165774190684085,12.997774955549984,21.959948985648445,-0.049561789917524086,-0.5506658001693137,1009.3887126823604,0.44053696910208906,0.07925319769944558
Sano,2.273022872023511,12.57784169927646,21.76381397375114,0.15477026892607568,-0.5994638925244684,1009.3742679709411,0.4865387209936798,0.2775163816760944
Sano,2.13314062748071,8.915811989310365,22.58935191726045,0.1703977912881147,-0.6466937864591327,1010.8986163516255,0.9455845559271848,0.0978493288107592
Sano,2.1696109685516003,9.266130147543299,22.96884031728733,-0.037257401499253745,-0.3835068904819554,1010.7366463734395,0.33685492976582904,0.11328973446624332
Sano,2.1838977749558093,8.875451202675972,22.45157534896147,0.3251513680919642,-0.3172824345909726,1010.771776278834,0.4074117260261822,-0.06414425675557406
Sano,2.080447146994229,8.882867114962052,23.079868759490385,0.09603939009447453,-0.4900678812636832,1011.4153541611157,0.24140049705303337,-0.20316946296322042
Sano,2.5686473275054538,9.37241507584185,23.257344269827268,-0.07942080043910646,-0.07974607000021938,1010.9833868631971,0.1861172563785245,-0.23080392901701643
Sano,2.11563076581208,9.205291617119933,22.75424514828838,0.2426871040204041,-0.08102923523082989,1011.1842394643058,0.22097509470974097,-0.22138456465149012
Sano,2.4285412033416267,9.054293694726281,22.67380954440569,-0.17655054438992515,-0.6473825693683704,1010.9775027115716,0.4589731521026778,-0.09442745652401499
Sano,2.0888608016979253,9.553534235270968,22.510716305188858,-0.24213240426969065,-0.5769795516321699,1010.7025023952957,0.198572021573177,0.26878683850859675
Sano,2.4558079605400676,8.791608336282362,22.698776006022047,-0.26546762607669067,-0.06127629418339675,1010.8955551182528,0.31984288101664415,0.027116599369389892
Sano,1.9534673858196112,8.8719715574215,23.016982364550223,0.36771908557329047,-0.5709594237428226,1010.8270346775769,0.39168472900113555,-0.04438443869058986
Inner,6.480008100104307,13.957360100438056,63.910807862902814,-0.138795884998654,0.03658304942669596,567.1161674145823,3.103303360191352,0.2860673676187528
Inner,6.129807071203435,13.776909654919894,63.74040214307698,0.09312703082226849,0.21626033203800435,567.258374259567,3.2449801574800077,0.2333257809705807
Inner,7.050860163118516,14.10568316293848,63.908935687797076,-0.2686169835311589,0.48216699391461715,567.1218456330914,3.0834975431417053,0.11076624201906043
Inner,6.939067330091763,13.840020995221968,63.91653614191281,0.29413039334411556,0.48335004594919295,567.4636729759383,3.1058010844788133,0.16881186668489728
Inner,6.52607172220557,13.910832956051943,63.70021222703447,-0.4109980409447103,-0.07077868693132763,566.9770732356787,2.8713416289224023,0.016818734056563433
Inner,6.587838223562901,13.844420523239416,63.69911596485077,-0.12127060617466053,0.014490264019741822,567.0232791880487,2.7515845207474614,0.21958863266380146
Inner,6.513146686668408,13.588693867586043,63.993425400443606,0.013373001125689916,-0.001588678528830434,566.9310617929287,2.914739902248978,0.13812864537699832
Inner,6.810949334733743,13.775082499368525,63.954406268497394,0.08524289692078625,0.4515478021475977,566.8771654384897,2.9344856928715206,-0.19499604133349663
Inner,6.838401177364162,14.069111517731828,63.46791353594983,-0.012062026757842024,-0.09220371496159055,566.7737183963443,2.9233658211724465,-0.025797750111195908
Inner,7.222601231293721,13.794925270689678,63.711850896719696,0.2866405799106152,0.2128452924898382,567.2911639281033,2.6283795784007293,-0.053115920556168233
Inner,7.337993141419878,13.3431547508693,64.47354248972367,0.14012217000816188,0.014561782541425011,576.5591701801409,2.8937961335441487,0.002028384483832458
Inner,7.369266513745132,13.667399787486367,64.54209402380926,0.006975085282090011,-0.004290470307419358,576.2922713709352,2.7104375468252337,-0.38578063806256163
Inner,7.5064484202989155,13.229547723340266,64.13969952939767,0.06549681010759074,0.01671167486864035,576.2082302010652,2.9021697230317827,0.10584097584244259
Inner,7.355444585735551,13.68115012445492,64.50377312281915,0.11353298448822008,0.20044358299988013,575.8538777711487,2.894336239302343,0.08815673482050881
Inner,6.971946068553953,13.842056819338278,64.37434165723232,0.1335256816540052,0.08821828452859845,576.4425107552149,2.7093803635646942,0.20808955527548822
Inner,6.899174406898044,13.396319206619136,64.00773439818151,0.0715426445595108,-0.11124828409870105,576.2034366626452,2.95039738791928,-0.5560850125529562
Inner,7.1924061953604985,13.591005021965412,64.70498289326073,0.1767544486628666,0.03922801042959045,576.3951116603853,2.5833189811570714,-0.44316636330365833
Inner,7.244316797391518,13.675153525058668,64.5194597358836,0.29047365471347636,0.1573176034047209,576.2157278394006,3.3780988858934418,-0.20242344556575767
Inner,7.396109293881198,13.094109993281377,64.14556278243184,-0.27531513132347907,-0.2211805627048744,576.3352389240803,3.2292424362804866,0.09736923270363221
Inner,7.248541213916493,13.540809993922212,64.21136468710588,0.2382900380914577,0.2849935751629019,576.3213907980087,2.6692441287810107,-0.452825809649949
Inner,6.8919370017017325,13.061397955124358,66.00252934205865,0.001698530476004015,-0.30982571157814826,573.3321952577785,3.201222798368152,-0.3032826788682378
Inner,7.166338589969271,13.221849385444969,66.17447412017783,0.3127646544009849,0.38676810257837085,573.3547863786262,2.7409986621858757,-0.21151091585996415
Inner,7.271066722053549,13.124889089149324,66.12301954553269,-0.30683824478241584,0.27184436434613546,572.9000010759447,3.036628333130419,-0.02434267465971111
Inner,7.537614294113073,12.981344668477618,65.56959262569825,-0.1906651910528235,0.11956270936831774,573.0621927710814,3.021550527306091,0.1342670870030257
Inner,6.929870520221776,13.213552144333432,65.77313204537408,-0.14721008200547378,0.22797652874213442,573.2424030353492,2.721716640331403,0.3430854126079157
Inner,6.767198543291202,13.074733888610607,65.55932788112356,0.5153266647514503,0.03620944359265633,573.1722940857692,3.074032072193517,-0.19586603697468338
Inner,6.951948086622546,13.282217024060392,65.78397491507604,-0.03788393686864155,0.2552662106455162,572.729764027832,2.766643376319049,-0.13289406919296456
Inner,6.8398680779186485,13.025832927236237,66.01076372703322,-0.045090530897880635,-0.10016514594260614,573.2808588346943,2.9886814906132764,0.4379377050813911
Inner,7.281956585551566,13.704671867105677,66.01774234195845,-0.3938170833757994,-0.13605674403445542,573.649649902483,3.118696942274552,-0.09785110333700715
Inner,7.139831966369465,12.950220842663354,65.58776473016228,-0.01594050380505766,0.1870669660655617,573.0446586185893,2.79032391560413,0.13190203647664536
Inner,6.415719484614761,12.579291427958719,69.0408138000361,0.180617838048518,0.1091992753692829,572.5891809442396,2.694991091279138,-0.15124746221699711
Inner,6.161151903996191,12.382845255092434,69.01705312892805,0.1830228846727555,0.19692490805620214,573.0186696635088,2.985318021085349,-0.24341810761677088
Inner,6.4804852660284284,12.352247279391836,69.31897063000787,-0.025061958192706242,0.16641133882440953,572.8441641627386,2.9291266548501484,-0.0080133812013123
Inner,6.41282858396833,12.305198081891541,68.96742211713328,0.13487540250352767,0.17835839311026527,572.9161643067629,2.6938265503018126,-0.16405476514999578
Inner,6.678456534348952,12.367229669397336,69.36894731737164,-0.12614490237315912,-0.15863114977942752,572.7499381838454,3.350265357047883,0.3266432806487679
Inner,6.9920032986203235,12.468119688611395,69.39586915739993,-0.10550435159578081,-0.05400126124149211,572.5100129316141,2.4551726259840394,0.048458089461401996
Inner,6.632385330314442,12.31623774792114,69.08785435113097,-0.31827729430312796,0.0008589052134754804,572.9214368113153,2.7555023993729635,-0.05743452505210333
Inner,7.0527140719081,12.279562172474648,69.68157944698517,0.09041365931656103,0.15646684260186802,572.8630976758715,2.8516514306931713,-0.3699342025388335
Inner,6.837414147362551,12.461700167656806,69.03184720486482,-0.06438121693528483,0.1590103768798038,573.0055993972131,2.632455340301606,-0.012973416689861336
Inner,6.270859933541571,12.599403568428745,69.03350217559307,-0.15994172800460038,-0.04361159465247645,572.768018465191,2.8865356380584273,0.3139899935744531
Inner,38.09194517264309,32.99445039508278,42.95870390872388,-0.028720934198356373,-0.6189846193920551,711.1375200921839,3.863922394089753,-0.2727013461445551
Inner,37.695443754950944,32.65038767570137,42.713609662501035,0.2670169381659032,-0.2328159746797896,711.2697033145716,3.559171143400811,0.20726158280657053
Inner,37.491505292548595,32.88505587542247,42.51617998877327,-0.07813285993728203,-0.024656350997133578,711.1247776854948,3.7247129627687032,-0.08936877174882474
Inner,37.398534110407645,32.884530881571706,42.377761995654836,-0.011656479388666742,0.0007896119310421279,711.4436822423316,3.633778512746147,0.22115555343490928
Inner,37.86762113676033,32.90864405011536,42.292801303891686,-0.34327792039863714,-0.02014269285166466,711.6039278784153,3.823831523220656,-0.3236577263669367
Inner,37.76225921756369,32.66646031265236,42.52614935309222,-0.13410164721593953,0.13177230075098434,711.0501948077704,3.6204969052387552,-0.14401982578803726
Inner,37.644542089483856,32.863303459813515,42.57322213260332,0.5144057380156987,-0.26972482575297896,711.0238880241328,4.072053435160152,0.37556264104625764
Inner,37.40579249017319,32.80830152804661,42.70336256301081,0.23076832497359684,0.029522457699245164,711.1556334483927,3.4328301324864072,0.08742214576234505
Inner,37.67712096815447,33.34147852519464,42.53374651640618,0.04980735105968624,-0.5388588401486007,710.9881181572157,3.8205321082296493,-0.04886307403481826
Inner,37.98808785689249,32.59744075153852,42.6384226822837,0.02430882540610659,-0.29277212250025286,711.0730246828097,3.639636095223346,0.30786094046071905
Inner,36.12383768304413,34.98032317224016,36.04399378028937,0.05365389456471151,-0.5150316918530595,682.1747442161494,3.647203471563462,-0.22998803870393567
Inner,36.084704380172454,34.952371170344506,36.39014383755135,0.1584938855762807,0.05026702666157631,681.879069291803,3.7054413566430036,-0.19685600648458523
Inner,36.343554911931584,35.100548546171325,36.27235268532248,-0.27315960292576974,-0.03910124021248933,682.1053192056279,3.685610044281713,0.19130443011797998
Inner,36.43132428920751,35.228015022233485,36.17546913694225,0.2259903560066363,0.05260291313674221,681.471708476695,3.6597885556739707,0.11803066914249391
Inner,35.67712806571296,35.22877340963978,36.43248899966967,-0.20663841559027904,-0.15778546604395222,682.0208816617346,4.051393552303378,-0.1250657377347247
Inner,35.96444999955371,35.30950905345376,35.968157836638,0.14723557043677504,-0.3187588214986132,681.620913138952,3.849326036469461,0.13057001968228404
Inner,36.13285108009797,35.29699765408971,36.14581505719283,-0.20019348527847225,-0.3147072118620551,682.1905787140273,3.8874787271385354,0.1360334075492586
Inner,36.05402766657745,35.363423182007395,36.446301495776694,-0.31845430480578596,0.3823939666364766,682.3010242775973,3.53789578986162,0.14927524287641103
Inner,35.809502715504685,35.490460628410624,36.44660090537311,-0.12850077209940777,-0.056646041413359646,682.1018767416247,3.3131126087102167,-0.2556830700107558
Inner,36.15508607997574,35.02624820157602,36.18956819769953,0.12367457991604439,0.10882345443114474,681.8848257562832,3.4837282207338656,-0.05417702886849487
Inner,37.71582066394239,32.40629987146245,35.898420395507074,-0.35960358999661196,-0.2256987386209323,678.4171765692399,3.090418999563951,0.3101744456331559
Inner,37.91026708795774,32.219669932399576,35.918420158829704,-0.17764665765840296,-0.3594882345018159,678.573439717484,2.9570354657841054,-0.20226084717675094
Inner,37.74807131274444,32.19506908764225,35.55386120923763,0.015825413434730484,-0.35347781182073934,677.6516882258055,3.1745832655736237,0.1459903179204096
Inner,37.68204607854328,32.44081774550475,35.81281762253775,-0.14314392383689753,0.055280479481439375,678.3782280647637,3.4578673319888393,0.06649632696832183
Inner,37.685998736721665,32.239051743437756,35.577256253372376,0.31968640505160784,-0.3090731002180964,678.238141648222,3.294434599203721,0.07964504219349464
Inner,37.63905486495143,32.52998324378502,35.587714541412986,-0.19370660966216152,-0.16415933168798752,678.163166148248,3.689071165250283,0.16098357908712713
Inner,37.783139434280294,32.31562583963476,36.04214926213451,0.28603712354586003,0.12016810458346337,678.3638910248302,3.1875528755782896,0.4407152434035223
Inner,37.83929444593045,31.605037746377914,35.511564860142585,-0.06775129985645034,0.016649684344933507,678.7239030424806,3.385689511967378,0.36809844297841504
Inner,37.76196407580533,32.13049288083646,36.085909120223526,0.09397176013146422,-0.21675841048601338,678.2612693816448,3.193293970050759,-0.16270057019638914
Inner,37.52134561754147,32.013205872893835,35.80506746569261,0.13546854528600433,-0.13562920537495635,678.2627087823046,3.32564516363955,0.2470179450615004
Inner,30.45046482866166,32.205451343061775,39.92046502423511,0.015428815795562722,0.36853877875777424,640.0924484592967,4.131274523807787,0.08840752681079804
Inner,31.171549972001728,31.841525722519478,39.69554090950891,-0.37611441411290164,-0.22379743735278781,639.4033283711939,3.755304305750354,-0.18794056707281723
Inner,30.878127271260126,31.883972213147295,39.75846553492125,0.08652938695410925,-0.31820350283010235,639.6665496511155,3.9310395929235806,0.15648908103659773
Inner,31.00491463107659,31.778714613141148,39.993848380015415,-0.3617529438814224,0.3235070915823314,640.0168761942169,3.8119009607403846,0.21977374501404692
Inner,30.919343048540103,31.88961531143517,39.885459596861544,0.13168036578752268,0.14209674808833295,639.7210273942536,3.7189828458244416,0.10610177030920437
Inner,31.301784409503114,32.04056641624604,39.76170163501699,0.0641033547227286,0.046097678091747245,639.5832067492549,4.002647753371626,0.06661304100843676
Inner,31.077752158478077,31.603548273554694,39.560222990472575,0.013339475943379909,0.18010893933840036,639.8961609491864,3.687453439216559,0.22958020255857078
Inner,30.768076515387474,31.884800966719535,39.49995205609369,0.16925428180020752,-0.4004304668503681,639.8291526303949,3.6284849054793273,-0.015029985604754735
Inner,30.888351102288237,32.141985861847246,39.654250712235054,0.0013812143313472742,-0.07944550168254035,639.8805797096896,3.676862251256092,0.19390942021867716
Inner,31.265173214140496,31.968058833680367,39.975905696304444,-0.08811587698366223,0.3842018744290685,639.9030615206732,4.0626147575201275,0.26379208074979266
Inner,10.65682343910971,16.580586148990502,116.49435599397287,0.02073570092672155,0.7423715962268989,596.947535964499,6.291017170746563,0.19075641557228815
Inner,10.96318035083194,17.006492464993517,116.57790407241805,-0.15161793250692213,0.4375867808222278,597.3224023049997,6.23858467970808,-0.27278306245679207
Inner,10.897207864664727,16.784958134756774,116.48361389084441,-0.07628158153620648,0.6195649327744911,597.1419033342466,5.901700351346294,0.14959803337319988
Inner,10.647830702021915,16.567050206779584,116.6048555275806,0.2915719637256006,0.01915542760676714,597.0425326546539,6.122462297710558,-0.0011337022717862015
Inner,11.044665854504355,16.72708808948011,116.47561996862076,0.3638679846679733,0.23460163282252056,596.9753105220219,5.9595219309192045,0.05568925128839829
Inner,10.741172312159856,16.883050484010976,116.37323423781554,0.16988189128807338,0.3109908593398986,597.3133505495514,5.841037525839092,-0.11116713243474449
Inner,11.219694241986762,16.685424259566698,116.55824949202612,-0.2015744265829532,0.580657127540293,597.309032891663,5.998044931719238,0.03792486784296361
Inner,10.609495703765191,16.93887679141275,116.58652392329712,0.05292861531109725,0.2402816164985246,596.952975239161,6.044143198734823,-0.17408452277826536
Inner,10.883430424909339,16.80546656996547,116.50237005102005,0.16867783255007526,0.17430215236801203,597.0728911040209,6.029627460730326,-0.07263911479907946
Inner,10.71897727463874,16.259859705750202,116.37112319869986,0.07272048496368434,0.4669189306150032,597.2260185074526,6.068044144842056,0.32625354327577427
Inner,10.854445739315395,20.001447613157357,96.49999883059193,-0.2238503874926056,0.4741098182481311,599.9868845883905,5.987041261763196,-0.2783209311931109
Inner,10.778492112064992,19.751846578321988,96.65761853857393,-0.15711591521296214,0.2819230649259772,599.4938005132076,5.8757514582701855,-0.21653626606098964
Inner,10.521575986063612,19.627671421470485,96.69855834695836,-0.04524627189447143,0.27199771591363653,599.508328787578,6.003866993549221,0.23658762246015538
Inner,11.208187820611089,19.857961758129534,96.28115445515012,-0.07602070187373092,0.15813218887408356,599.5701624929777,5.668396772606023,-0.029532225016405254
Inner,10.939283234356841,19.352593717124623,96.19951876506619,-0.04489232974266349,0.496683394553033,599.8566891448974,5.852348426650004,0.14396395759239056
Inner,10.525037240900845,19.439516921137738,96.39986838975688,0.437414526520381,0.7389636930749262,599.8279069145598,5.83426057809452,-0.18607882589741898
Inner,10.86064691902177,19.769195727730484,96.41037489737462,-0.22652466817974187,0.15234971854158313,599.8037721211238,6.163783478977458,-0.19198803555938435
Inner,10.960859185396133,19.587453102745556,96.72964826005541,-0.18187606539433754,0.5272199526219623,599.6588181819127,5.932031576819508,0.26494210701784715
Inner,10.853997816680868,19.45866322949637,95.94233969187917,0.014062187487580393,-0.09643496628348802,599.5093307874697,6.08223175492453,-0.11496195091312505
Inner,10.773420643192098,20.0971015474496,96.1466956596828,0.2644783234157078,0.06352324215803029,599.8317054842045,5.729778305575977,-0.09323686552012678
Inner,11.70637823676066,18.432778715617065,107.7805949047029,0.06594744646317864,0.5098911762407202,612.9155330957133,6.275292081445956,0.08438225585865591
Inner,11.740969776172156,18.236500172832827,107.88480230854356,0.14792531645900708,0.3187577097367553,612.4867813735566,6.267977629192037,0.14296698512525846
Inner,11.934890651536488,18.260851048642774,108.12903460952711,0.4277646838835556,-0.018241102206522808,612.9835170922165,6.2764897870795355,0.20446469503743847
Inner,11.609473899833336,18.360673022884562,107.86639029646457,-0.042856952333835165,0.15222341553364754,612.8247094434354,6.1323295172371655,0.12139729394051864
Inner,11.678959547382968,18.302357624382545,108.04058186075423,-0.15747944915734724,0.4715322880940026,612.9339694393421,6.151462614172271,0.12179111692453622
Inner,11.759519676444855,18.378987067687532,108.40426317260517,-0.11620263341232961,0.451204455411,613.0021846095289,6.281448862504525,-0.20693240316315115
Inner,11.93551728207165,18.234605259853407,108.13511296507085,0.054095950993981505,0.1731037989752056,612.5919483732005,5.770331389331541,0.10465126983997255
Inner,11.918224535128031,18.190095063813587,107.98352004685076,0.17843470253996302,0.38881602928176695,613.2173812894308,6.236807065893891,0.09398188224889668
Inner,11.769047645211746,18.837613537419127,108.09722449276471,0.18367019954179545,0.08597218227256048,612.925144652384,5.986810509271108,-0.07821172224735089
Inner,11.445260619669934,17.95862285513073,108.22728604356523,0.19106395264793463,0.30692156927106146,613.0993506869049,5.574295318924268,-0.06796968428577364
Inner,12.076956846739183,20.631338686316674,99.09655145485219,0.6181625207926352,0.44925942917819284,603.92026681326,6.551594768189419,-0.10907361959077463
Inner,11.72070333713831,21.12999854915007,99.31029968148466,0.1213372184973098,0.18031582287426615,603.8574070944403,6.400559127342774,-0.04066763352703317
Inner,11.808862370856883,20.771285334114012,98.84482687954197,0.014014524508667477,0.1841888904694605,603.761925453508,6.278059452858449,-0.1262468201951389
Inner,11.831012821993873,20.967049024665283,98.75157723279602,0.20927938463421852,0.15875418269812147,603.9057974620056,6.816637279032869,0.24625356088029915
Inner,11.74740733077766,20.896303998039027,99.07199860971934,-0.20917779458915972,-0.09055363557004098,603.909093396313,6.231502280757342,0.16604494769559242
Inner,11.82122684739734,20.790071993202645,98.85730588162306,0.03820703138755491,0.1321083816541023,603.9482128415281,6.510722075584322,0.23327333031937447
Inner,11.384843613367789,20.83468725784709,98.70919534179663,-0.1134359665045504,0.49156354221469634,604.0915698740943,6.070079915319044,0.0589790001167228
Inner,11.876266869195828,20.9425765153064,99.12667206094866,0.026166967313032762,0.261552110555066,603.9695848352466,6.307219001374306,0.20719836375164
Inner,11.588790646902467,20.818158616083398,98.86448135835336,0.2000763571712581,0.39467031100215677,604.0832515273171,6.6762140082630035,0.0763605263890593
Inner,11.50799956388028,20.99331307189811,99.14655058285156,0.015246305555904758,0.6202508583137791,604.1009574916245,6.770628918895643,-0.1283970145402554
Outer,10.435410345419042,15.43931157791942,147.46916935564622,-0.1312115414267078,-0.3882067120344692,673.5061577733492,6.250307234775601,0.05809052775898421
Outer,10.558593787877772,15.628088119301571,147.78866772858382,0.09219226806660774,0.030967817949397618,673.7406006359608,6.770798016220698,0.1606010040169534
Outer,10.468603354672634,15.344268408636403,147.47372297226917,-0.042072099675780454,0.011372083490682264,673.7223152144935,6.584352472088291,-0.13671740496858875
Outer,10.250265949999777,15.639307338470264,147.78874937086957,-0.07803077326218649,0.3095472542263625,673.6243076216057,6.398051721909727,0.31125854268582487
Outer,10.80414616944318,15.671557378480848,147.73527267802848,0.16144225193403353,0.06266342554483081,673.3766149295172,6.544380473748396,-0.004386686408991727
Outer,10.10954091094859,15.616731909462558,147.37850201992725,0.008201853713923556,0.12985513059630552,673.5438091834201,6.418426986070846,0.16291684270474208
Outer,10.716142970246873,15.442749824028386,147.70499548441103,0.0065592954218553125,0.516098462248892,673.7827054727252,6.830453440078485,0.022469410215059424
Outer,10.865773658568655,15.64399073069172,147.94731500883665,0.26868465251905893,0.20638331192863768,673.6600951346401,6.72274256132101,-0.017578427012926567
Outer,10.304919557228272,15.529137527897873,147.59290684138418,-0.10356692753525447,0.24625780721929252,673.6534417647307,6.370364202203137,-0.05670893116467321
Outer,10.711363370441175,15.898532326211093,147.5178924166633,0.006357919260853134,-0.5079759221162429,673.6028136687137,6.369771837155627,-0.05595706243831135
Outer,10.488197775262975,15.569513489657776,130.57756066386796,0.073231955302594,-0.007776019108743214,659.9493625264164,5.899150758265628,0.016424076145536835
Outer,10.796498737133774,15.508472864011278,130.5459986810904,-0.04358178744453127,0.21140344177574594,660.1838948266682,6.173468616094175,0.016070827374122694
Outer,10.630169748528962,15.304440534662168,130.7258949131838,-0.44749121602460834,-0.027461299398814577,660.2000028556428,6.174159682199753,-0.10423921315135179
Outer,10.317267012570438,15.63451518378796,130.9169582086395,0.24836889084476557,0.3063301478743823,660.2286392372802,6.119214982869926,0.03846286855831793
Outer,10.692744429082468,15.40617808016406,130.77000174821913,0.0019674988294505974,0.08880192972030189,660.2181696641159,5.918878020905783,-0.09452510914967646
Outer,10.709369633700243,15.299394863500947,130.47309072937375,0.13383439686450083,-0.04607408713267171,660.1604496843316,5.87377227738653,-0.07770592168517218
Outer,10.061990286113886,15.524090048507274,130.7797704813795,0.2217868074938088,-0.24901681950566332,660.1064104199966,6.078311687925588,0.0931211024349365
Outer,10.691340927740892,15.27765420894691,130.67938073487278,0.017098016755922964,0.08116662182171075,660.033273785907,6.124345053469468,0.10670093733032618
Outer,10.827697153835283,15.458843249923735,130.45520784010495,0.35432559435835925,-0.20458918574436466,660.3171895246807,6.305734559882313,0.3461871479724104
Outer,10.89548023683233,15.558476156394446,130.38360436883576,0.2321135758351554,-0.1957469847203959,660.6747171425898,5.781638535439058,0.05563163417966041
Outer,11.262641719847776,16.35700620647518,125.03520055102531,-0.1395170312917848,0.3448332259995156,663.544247706379,5.528208960785409,0.049764851120226244
Outer,11.521423606099848,16.08724307682994,125.03092933113676,-0.23799749536016326,0.25466335315884586,663.1568034196331,5.4003752559729925,-0.33295280134992616
Outer,11.015846770226533,15.91493354226814,125.29029860512264,0.04538162996037919,-0.20782236663176304,663.7387781818734,5.80866849630771,0.30504955587757765
Outer,11.068666047430241,15.94192020494343,125.2218409794645,0.013912652580361076,-0.21115892233634295,663.3035937441385,5.920631147041881,0.03602963131355316
Outer,11.134919871900397,16.063251084688307,125.1148084387871,0.3831687795215706,-0.2075638521166421,663.8904014411186,5.950346361245113,0.05421160269577299
Outer,11.098857124784516,16.06066239958954,125.35059304090966,0.05547285317531834,-0.009670056175255546,663.3493103158963,5.953036845631205,-0.2968307063889167
Outer,11.095893640330292,15.937909386463367,125.54325752651974,0.15379266642829487,0.019810281486209825,663.7213124143744,6.105391902189431,0.03511433069875762
Outer,11.461358537266683,15.814609018388685,125.18506320224448,-0.2140371570544712,0.3015432390423328,663.7219669235855,5.91772936137071,0.11571130970016807
Outer,11.421239197071436,15.624920584756453,125.22898891400857,-0.0851632585949688,-0.12477818420219573,663.6097329443473,5.928946403608056,-0.0900159411152858
Outer,11.455390665817504,15.907300787688452,124.87228040620056,-0.4231340933223859,-0.0008499373517762336,663.595140701022,6.02382637429505,0.05597597944825557
Outer,11.381446505849496,16.06326240524939,128.46690038565833,0.02017974268694283,-0.09281864581053863,667.5763099960236,6.16283876669982,-0.18896054353820987
Outer,11.617694494428283,16.08258026678791,128.50882127340597,0.011982147587731277,-0.16725135612116254,667.6329695194787,5.951967009209888,-0.3114673932237981
Outer,11.541820893979555,16.283723380371622,128.65933127943916,-0.20197416217291064,-0.3866637321763355,667.5526585871256,6.057086976223942,0.02089686434312751
Outer,11.210433958886076,16.448011667570082,128.43658876832612,-0.044064906209714816,-0.05458283158795481,668.0539628174732,6.113533564774058,0.030075931642058074
Outer,12.063956496524952,16.593156381575884,128.3818364657509,0.010303659395726666,-0.22265418934897813,667.4341151089278,5.990785167308084,0.058315819974068095
Outer,11.526376903526774,16.144266119237262,128.79631246744043,-0.01792394290460033,-0.4804914575971818,667.6458274423034,6.305925363926906,0.20064269764990347
Outer,11.34999995517776,16.025701797085816,128.07540771842406,0.08695465409794062,-0.019114309550831394,667.6118645976097,6.601759392397222,0.2836844405215323
Outer,11.470889279564343,16.286740531480234,128.50488401326334,0.12061860933762118,-0.1305125428185416,667.8858483495499,6.264630180415915,-0.5387586178684047
Outer,11.807547300136202,16.014158612737848,128.1803917375487,0.08916126152825475,-0.11473747305044334,667.6533876093085,5.860902603522843,-0.13959518562297746
Outer,11.591679313680023,15.803285019957308,128.35508133192485,0.08709273767696031,-0.14204532010892248,668.017368186942,6.063965442979112,0.2614758932805707
Outer,2.4195254769459105,9.528588980612932,21.507356834938474,-0.01935605085653427,0.2377018395540835,510.7754426596331,0.7904457430474263,-0.11290880940843062
Outer,2.6937887048127975,8.794678743090703,21.41271589399659,0.34977620841532,0.11062689203200472,510.9105460406729,0.9835775087181166,0.09560771499116459
Outer,2.3694369898801435,9.521811596543323,21.678723821582057,0.13552936977588034,-0.281059087549863,510.91168418852396,0.8271969236492158,-0.115953957712494
Outer,2.5717065171362075,9.152184087454714,21.628716051146743,0.19820174021132264,0.015739836792493238,511.1556951270249,0.7922744425611927,0.40464910797261977
Outer,2.7285377363743875,8.93147043732542,21.94449763417096,0.0736718761414039,-0.11003398118053584,511.12299010999453,0.6909972740336411,0.21414118263165294
Outer,2.3080536039842903,9.032947210087237,21.587268686387038,-0.023900452041710166,-0.12016645749194284,510.8714592963025,0.9056265911264885,-0.1550758033478608
Outer,2.1552707383174345,9.147205852295262,21.826583045348443,-0.1472294302175034,0.20592016366440766,511.16099347098685,0.9255037234410929,0.22592569696376094
Outer,2.1706325895856944,9.246691232018312,21.724121772355293,0.009994050669163876,-0.35125855764791597,510.8319549120157,0.9118469467734407,0.27081214237502255
Outer,2.4789597765756155,9.53145276067495,21.802898039172014,-0.08760216414464066,0.13547936913277955,511.3059659804066,0.6979209829638833,-0.0319573957302301
Outer,2.281683419493114,9.394359617069133,21.33927922650116,-0.06647844208570744,-0.49275463741891584,510.8880192572225,0.7177487439295835,0.06028246530783986
Outer,2.7086177020515625,10.182454445560953,20.50719446237405,-0.0831686405239438,0.04486278021885935,510.3051128585915,0.8566027831754227,0.17359699878518314
Outer,2.5389592104619463,9.71400281113024,20.37662494849438,0.03798462362285679,-0.12084125880599797,510.12362567326824,0.5552783063877386,0.014510727497795459
Outer,2.5803679103668693,10.213832587496686,20.226133769469715,-0.1041112496471059,0.26284822976731714,510.1112630720056,1.1938564423160687,-0.2303043720400125
Outer,2.4920638183559984,9.923592543919636,20.350911503170153,-0.09756275034812799,0.15759431280434905,510.3598677101311,0.5829146142761261,-0.0854218474151287
Outer,2.1870594155184806,10.097324787840629,20.331287634498672,-0.01783691750650318,0.12405038892733579,510.2333687290604,0.9919206625945223,0.06994280615665376
Outer,2.205075848911033,10.00053584217151,20.38567985653844,-0.01184554820988865,0.09396417666328792,510.444659166525,0.8732565635304914,0.053455871648152145
Outer,2.669250945521762,9.937972178592977,20.105534220312627,0.3091201137541488,-0.1461358191017587,510.1054373168835,0.7619667163250522,0.3330785145850031
Outer,2.310972276102314,10.313886359870587,20.624475956163394,-0.06330666723948156,0.052039134291953754,510.36058174876615,0.8434640177416473,0.30253685320393453
Outer,2.4128275837531477,9.749996200793426,20.56579076580077,-0.5575848455650405,0.155442979401249,509.802667593091,1.0410885521793238,0.3217474661939718
Outer,2.391168741883392,9.976754700059864,20.443460101833846,0.027584393622781776,0.03772724526236225,510.3214102162266,0.6502820841140744,0.15803458351465474
Outer,2.8567244285518885,10.951497605797734,20.90610063502202,-0.08870737276968632,-0.507809642143148,514.1401663173614,0.428013445706779,-0.1457106097095514
Outer,2.777432036626724,10.887646530842655,21.304731677963034,0.0870983741208506,0.08535435626568227,514.3091192310684,0.7882427757281796,0.14738678348903947
Outer,2.4495885927739742,10.617494528902533,21.121543083501248,0.2935915467165044,0.5978247222488582,514.33906734774,0.9534716734243314,-0.19537216144405953
Outer,2.7633242402895655,11.039482021658937,21.365249921941246,0.052082783323115306,-0.10120003803403871,514.3939657239443,0.903287515392548,-0.1605519383460382
Outer,2.493481586884874,10.636042805708488,21.065167370090748,-0.1259277780358193,0.10837232587086904,513.9770169959116,1.0965224182797824,0.15302502254530898
Outer,2.5953326004120436,10.768518430020755,21.021237473163346,0.11310304349060614,-0.05986228741752917,514.2937912479842,0.6729992739213049,0.25609797361811265
Outer,2.914948009206445,10.977356167348887,21.50546088261938,0.23337618052689915,-0.03756875067595043,513.7727680643362,0.8617532115592672,0.20584879704453912
Outer,2.8591947637956276,11.138368966535824,21.119730919860253,0.15315181404451758,0.03129323985231607,514.1816621328569,1.0629499898837322,0.4498026074365172
Outer,2.77944786924595,11.110751402926716,20.95275714892945,0.24591247996130208,-0.23948291072417038,514.1138587586482,0.4558064269265595,-0.21391220502149544
Outer,2.3025791821974373,10.75681599327084,21.156664449909286,0.09909567435029747,0.22235150464228426,513.8747399085377,1.0005518772766417,-0.22285399168575634
Outer,4.373716544424852,15.786792962463034,21.051310295704756,-0.10273662632087609,-0.36256001015736544,520.1831365178655,1.29481320772664,0.3383734306152915
Outer,4.39611541480457,15.50580038892235,20.839301387954187,-0.19140874577240788,0.13095725952130213,520.5159938706952,1.2491639707110624,0.0929344535206391
Outer,4.342878014201735,15.760497183093717,20.797928930757244,-0.1406987775325515,-0.29526174813712003,520.5971135526372,1.368800029943562,0.010793150904076985
Outer,4.283147387247376,15.344271454577344,20.933971841570134,-0.004794138779988515,0.04560693843062219,520.2318503188467,1.36136101104879,-0.021185445635897554
Outer,4.3571401049651355,16.004513056314288,20.32761259320617,0.1632660084791353,-0.2890829711924234,520.6102159798107,1.245737226994648,0.2022390780962898
Outer,4.125587149581913,15.670214613182678,20.66612734426294,-0.25232513708880727,-0.21075944452194337,520.4189835256662,1.0729652544884174,-0.04443453809204945
Outer,4.570099318343464,15.63086159514672,20.741852437851126,-0.008283535119268723,0.030585824124447623,520.7586504444463,0.6403029824295758,-0.26907704970355023
Outer,4.511149302478011,15.943427263652058,20.801156997612157,-0.4181058680117805,-0.25813274225338756,520.6520398616665,1.1460148125985583,-0.10331191482309124
Outer,4.193637112313883,15.34437581469244,20.582002541791535,0.19616256698804202,0.2196230416683501,520.3603249888812,1.1623729885288434,-0.04919040881966229
Outer,4.62958198384217,15.75723850792744,20.68669836235746,-0.39883032166142635,0.30692919094505694,520.7252236746294,1.3410447489847845,0.07926707463142194
Outer,37.93986737694817,39.952499714073916,129.12982935449972,0.08358238997740097,-0.19765773353765875,813.6465214297599,12.396687885130579,0.09211233248563827
Outer,38.02748747085652,39.78506965066946,129.45867654216516,-0.6128985593300987,0.008657268427112647,813.6442483636018,12.550950125995108,0.0796937929695556
Outer,37.903161474317116,40.091556991298894,128.97358316536744,0.19639941989949827,0.1663208664066447,813.7257852176507,12.472124213234652,-0.16545293305809067
Outer,37.8315311056097,40.05223648264234,128.86582264032788,0.08153408654254277,0.07636644928410663,813.6238942927845,12.237727533639749,0.23113889745194002
Outer,37.73926674651469,39.89150905127956,129.18046688358393,0.16036669967026826,-0.057895314830616204,813.9499207266505,12.330676854199572,0.2935054718716141
Outer,37.772414004154506,39.89020544039216,129.24677491036894,0.2458928894249025,0.2704081284542016,813.8805954972947,12.460639767353491,-0.11871538900630504
Outer,37.90675612117079,39.744502096743986,129.195636332404,-0.17540477745343533,-0.012929917569678165,813.8073043191085,12.741480337942475,-0.41780739230510994
Outer,37.73570043689221,39.891375656007234,129.37239312886487,0.0221232218156813,0.34324449787722666,813.8591906990948,12.576998681611743,-0.18410254026525932
Outer,37.76662472849944,39.96599099795205,129.14178496181373,-0.0441863402848929,0.11485165814111134,813.9421347462228,12.540836487280405,0.28349407527624015
Outer,37.62711198718707,40.069863268433465,129.46592762018332,0.35464934414230914,0.18819571704720378,813.594078117387,12.430603330360166,-0.22617692734111605
Outer,37.57955718023053,37.53172707635917,123.72046466350888,0.0857275657244943,0.08343452525498586,820.5190326542769,11.05691156721763,-0.0247522473272178
Outer,37.49441326912996,37.88710009827608,123.60120771873581,0.12929021022378445,0.22306549267820058,820.2535532674999,11.22462783636209,0.37364839402643474
Outer,37.84510078386093,37.72493164005555,123.6561366841073,-0.09976294468273067,-0.14657707766413883,820.5163324311325,11.364241514218905,0.029532506567215424
Outer,37.241684471191796,37.88680130562003,124.05290880281576,-0.08074797211476735,0.11208148111383856,820.2541409304754,11.317891650167324,-0.21052302887913765
Outer,37.45067506267483,37.79267524132987,123.86314848247345,-0.028236344183265948,-0.35814160669345296,820.2317829221118,11.10257976518917,-0.10848422024795232
Outer,37.361772353396915,37.91990639953789,123.96098350109119,0.18175504684435748,0.038796428300700916,820.5781925539685,11.322027744597419,0.18009784159363293
Outer,37.587196770016064,37.38381869024498,124.1343506758136,-0.0686201450938124,0.3790878055726178,820.2290806561577,11.329324330724399,0.07393411984995696
Outer,37.22065003245048,38.32702907409903,123.78113547990537,0.012597264680026535,-0.2246982330746561,820.2526187587238,11.085327005238625,0.3006075509704293
Outer,37.575207419093616,37.72109414483524,124.03059871046622,0.3901258531897048,-0.03772966023706878,820.3460845335468,11.32316506675126,0.00013101535166494538
Outer,37.38922173652669,38.05394728999229,124.03304193530573,0.013152917199169605,0.05151713004964374,820.5417325590832,11.48326892432775,-0.04068665705830113
Outer,41.55731902813035,39.85438594783657,125.37505416945025,0.20574627391364217,0.48300606809253954,836.2301201348747,11.33322133958137,0.288076974996612
Outer,41.035704460597884,40.12696986036602,125.39949600024366,0.02626925756781754,-0.048271802184125634,835.7792846848438,11.54504059406287,-0.1792354574093421
Outer,41.182563864949536,39.77558817865176,125.22935667907613,0.17962903961574714,0.3439372223670231,835.4750720107476,11.571433628891832,0.25736178184166114
Outer,41.20142646188198,39.83444311864328,125.61332496209513,0.07979476149837761,0.15195182295513118,835.7842181649102,11.368210783802207,0.365202807947507
Outer,41.4082293151821,40.1175474676731,125.44507933593702,0.06974240290266243,0.406335348019529,835.8469200093482,11.722716496408566,0.1000225424680635
Outer,41.579081040854035,40.00376725663421,125.98713412521732,-0.2075307618089388,0.056194065055615416,835.8972577457906,11.808940643859094,0.1423314295858275
Outer,40.88345370879843,39.90357784088906,125.68920367431333,0.27218156426342804,0.1081830372238721,836.1271185648872,11.490627313267115,0.04178975946060669
Outer,41.36365508343956,39.65351256127275,125.30236485851896,0.057707749310818665,0.09797211223562353,835.8407215923621,11.70241288608801,0.33715237486011584
Outer,41.420543376862355,39.709565088401995,125.12752717024323,0.1194649629917744,-0.00041888990658800473,836.109346830763,11.587584445860923,-0.239999412513914
Outer,41.496470261484866,39.464262119292904,125.63161583473874,0.0005414964733719101,0.29468409904986437,835.5183443984635,11.728366264079193,0.04433396619363185
Outer,41.508033883760746,42.18186014219294,120.89155608722919,-0.22900280241217044,-0.042436875995104026,833.8894771678271,12.277413797600275,0.15214500105277767
Outer,41.47942148162002,42.21397701180643,120.41034702310732,0.09157045218998747,0.22126943431966145,833.9880663785477,12.15862928560369,-0.14814816474287817
Outer,41.39198293064286,42.16376049305216,120.32646400895905,0.34980524530646656,0.26393176421646347,834.0067813145772,12.092365528844583,0.031002693090629835
Outer,41.75133534192927,42.46307921276679,120.77275450821399,0.38332650432063187,0.21764084647737503,833.5086456670612,12.209814140576759,0.08696979646951508
Outer,41.80502959926453,42.31539358954693,120.90641125977923,-0.11452049427286272,-0.10431169895157726,833.7838064216331,12.079492620558161,0.027044947271460257
Outer,41.835393626884155,42.346401992837045,120.26895571349468,0.20177928971671577,0.23621968403605587,834.1077865764164,12.246494998501573,0.4822532202799226
Outer,41.82374565767321,42.86368416995773,120.75300150189436,-0.23631412034311072,-0.01056214280607512,834.0154804315354,12.007949146803913,0.0455004692763608
Outer,41.955943215579914,42.52480065231815,120.2758305743606,0.03981837285421882,0.13570631653214482,833.887447194549,11.918393564477089,0.13358682967761068
Outer,41.71652140068395,42.08974377798964,120.84374807862963,0.05454233514916168,-0.16970471747772548,833.8599840127814,12.265375262349036,0.23172961187836294
Outer,41.90675251984106,41.98176971947381,120.58736929004603,-0.581728434274152,0.40613202174167445,833.8759358062733,12.185554494275666,-0.08991223491450634
